cid,name,description,url,v_count,likes
1563217563814914, 王嘉尔 , 简单描述一下你的挑战,https://www.douyin.com/share/challenge/1563217563814914 ,493,285604
1587568502841358, 蔡徐坤 , 偶像练习生   给我坤打call,https://www.douyin.com/share/challenge/1587568502841358 ,363,225247
1553304054213633, 猫 , 爱猫,https://www.douyin.com/share/challenge/1553304054213633 ,266,216035
1563931641435137, 易烊千玺 , 爱,https://www.douyin.com/share/challenge/1563931641435137 ,255,115631
1611823344632835, 捕捉身边的美好 , 什么是美好？大到爱国情怀，文化传承，小到一次关心，一个微笑，那些骄傲、感动、开心，都是值得记住的美好。,https://www.douyin.com/share/challenge/1611823344632835 ,233,31373
1552394635036673, 王者荣耀 , 捕捉王者荣耀大神,https://www.douyin.com/share/challenge/1552394635036673 ,208,1920911
1616563720912899, 单身汪的告白 , 2018年余额已不多，你还是单身……想说点啥？,https://www.douyin.com/share/challenge/1616563720912899 ,204,1021
1615390336879687, 你是魔鬼吗 , 万圣节不要糖也不要恶作剧？那么就美美地变个妆“黑化”一下。打开万圣节道具面板，选择喜欢的道具，加上“茶灰”滤镜效果，想变什么“鬼”尽管玩，被吓到算我输！,https://www.douyin.com/share/challenge/1615390336879687 ,199,5465
1575369394224141, 郑爽 , 是爽歪歪的都可以参加,https://www.douyin.com/share/challenge/1575369394224141 ,153,112056
1611566134369293, 带ta去旅行 , 听说明玉海兰察CP计划穿越到现代旅行，大家有哪些适合情侣出行打卡的约会圣地推荐给这个CP和计划趁长假出行的情侣们的呢？,https://www.douyin.com/share/challenge/1611566134369293 ,138,10432
1571243793981505, 易烊千玺, ,https://www.douyin.com/share/challenge/1571243793981505 ,120,305920
1616365533960200, 这是什么神仙道具 , 诶？这是什么神奇的特效，拍出来也太美了吧！快在热门道具里选择“年代秀”，让时光带你瞬间穿梭回到1950年，1960年，1970年……每个年代的你都是复古美丽的小姐姐小哥哥，太神奇了笔芯💗💗,https://www.douyin.com/share/challenge/1616365533960200 ,116,1283
1569445977072641, 抢镜 , 快来“抢镜”视频，与TA互动~戴耳机录制效果更好哦~选择你想要抢镜的视频，点击【分享】按键，选择【抢镜】功能开始发挥吧！,https://www.douyin.com/share/challenge/1569445977072641 ,104,12068
1569445977072641, 抢镜 , 快来挑战吧,https://www.douyin.com/share/challenge/1569445977072641 ,104,12068
1604858001283150, 我就是“控雨”有术😏 , ——“你竟然能控制雨滴和花瓣！怎么做到的！”,https://www.douyin.com/share/challenge/1604858001283150 ,90,10073
1617281533369422, 比心发射盛世美颜 , 11月22日的感恩节即将来临，快用你的盛世美颜表达感恩的心吧💗❤️💎打开热门道具面板，选择“比心变美”道具，做出比心手势，biubiu发射你的美吧～,https://www.douyin.com/share/challenge/1617281533369422 ,87,3760
1551594539613185, 萌宠 , 晒出你们的宝贝,https://www.douyin.com/share/challenge/1551594539613185 ,86,54582
1563095009253378, 汉服 , 今天你穿汉服了吗,https://www.douyin.com/share/challenge/1563095009253378 ,86,110862
1605859614608392, 谁能想到 , 谁能想到镜子里的完美男生竟然没有一米八？！谁能想到镜子里的完美女生一天会吃五顿？！,https://www.douyin.com/share/challenge/1605859614608392 ,78,87682
1563895801416706, 柯基 , 简单描述一下你的挑战,https://www.douyin.com/share/challenge/1563895801416706 ,78,13278
1584962824110093, 小星星手势舞 , 你就是我的小星星，给你我的小心心！小星星手势舞跳起来吧！,https://www.douyin.com/share/challenge/1584962824110093 ,77,25045
1608298307361800, 我有恶魔大嘴 , 大眼道具?大脸道具?接下来该大嘴道具上场了！选择【红色恶魔头】大嘴道具，张开你的大嘴，让我们瞧瞧你的嘴巴到底有多大～记得关注@抖音魔法道具，还有机会获得抖音周边哦！,https://www.douyin.com/share/challenge/1608298307361800 ,75,1346
1565077226604546, 哈士奇 , 哈士奇有多2……,https://www.douyin.com/share/challenge/1565077226604546 ,67,493434
1584332488152077, got7 , Hard Carry,https://www.douyin.com/share/challenge/1584332488152077 ,66,52213
1590031255184387, 陈立农 , 超级可爱的一个男孩子,https://www.douyin.com/share/challenge/1590031255184387 ,66,17966
1549701348199425, 王俊凯 , 王俊凯，凯！凯！凯！凯！凯！,https://www.douyin.com/share/challenge/1549701348199425 ,65,112062
1562825123600385, 金毛 , 简单描述一下你的挑战,https://www.douyin.com/share/challenge/1562825123600385 ,64,6831
1598542370355245, 蔡徐坤蔡徐坤蔡徐坤蔡徐坤蔡徐 , 披金成王，伴坤远航。我们是ikun没有任何理由，不需要任何证明。,https://www.douyin.com/share/challenge/1598542370355245 ,58,97404
1581746084596749, 石家庄 , 同城互关阿。,https://www.douyin.com/share/challenge/1581746084596749 ,57,55823
1565703679497218, 海贼王 , 简单描述一下你的挑战,https://www.douyin.com/share/challenge/1565703679497218 ,57,23925
1605672264368135, 等等我先摆好造型 , 听说某些专业模特摆拍速度惊人，一秒一个造型，甚至一秒多个造型都可以毫无压力，游刃有余~这样“光速”切动作、换造型的拍照法，你尝试过吗？,https://www.douyin.com/share/challenge/1605672264368135 ,56,78419
1604954184934407, 是时候来安排一下了 , “你有你的小虎牙，我有我的小钢牙，不是很虎，但是很钢......安排！”最近你被这样的抖音流行语——“安排！”刷屏了吗？是不是也想造出属于自己的抖音句式呢~还等什么？来跟上“安排”的队形，一起说出你的抖音体“金句”吧~,https://www.douyin.com/share/challenge/1604954184934407 ,53,83442
1612187086513288, 带团圆回家 , 海上生明月，天涯共此时。中秋团圆，你在路上，还是已经回家？与家人、爱人相守，还是坚守岗位？你的行李是一盒月饼，还是老爸喜欢的一瓶酒？,https://www.douyin.com/share/challenge/1612187086513288 ,53,5838
1612187086513288, 带团圆回家 , 海上生明月，天涯共此时。中秋团圆，你在路上，还是已经回家？与家人、爱人相守，还是坚守岗位？你的行李是一盒月饼，还是老爸喜欢的一瓶酒？,https://www.douyin.com/share/challenge/1612187086513288 ,53,5838
1600720944658436, 第五人格 , 遇到不怕监管者的求生者很无奈,https://www.douyin.com/share/challenge/1600720944658436 ,52,688300
1614747036573704, 全民pk小黄鸭 , 抖音爸爸是看到我们在玩小黄鸭了吗？居然都出贴纸了，这下好了，不用到处找鸭了，直接开拍就能玩起来，笑死我了😂,https://www.douyin.com/share/challenge/1614747036573704 ,52,385
1598009146513412, 王嘉尔王嘉尔王嘉尔 , 鸟宝宝们和jacky在哪？,https://www.douyin.com/share/challenge/1598009146513412 ,52,24062
1614747036573704, 全民pk小黄鸭 , 抖音爸爸是看到我们在玩小黄鸭了吗？居然都出贴纸了，这下好了，不用到处找小黄鸭子p图了，直接开拍就能玩起来，笑死我了😂,https://www.douyin.com/share/challenge/1614747036573704 ,52,385
1563863281278978, 英雄联盟 , 英雄联盟街舞大赛,https://www.douyin.com/share/challenge/1563863281278978 ,49,231417
1591813482110093, 90后的老年生活 , 端杯热茶捧起报纸，骑车遛弯晒晒太阳……90后的你是变成与世无争的佛系青年，还是举止越来越像爸妈模样？快来晒出你的“老年”日常吧~,https://www.douyin.com/share/challenge/1591813482110093 ,49,4047
1556856443091969, 周杰伦 , 模仿周杰伦的演唱,https://www.douyin.com/share/challenge/1556856443091969 ,49,23862
1602696558687246, 你的镜头推太近啦！ , 想拍摄一个从远处到近景的推近镜头，难道只能自己拿着手机跑过去吗？有了zoom新功能，拍摄视频的同时镜头推近不再成为难题！按住拍摄键开拍，同时向上拖动拍摄键就可实现镜头推近啦！,https://www.douyin.com/share/challenge/1602696558687246 ,46,251116
1591120392784925, 易烊千玺易烊千玺易烊千玺 , 千玺真的长大了,https://www.douyin.com/share/challenge/1591120392784925 ,46,27051
1606499688639491, 一个人的yeah , “一个人的yeah✌️，我的心，应该放在哪里？”,https://www.douyin.com/share/challenge/1606499688639491 ,46,2077
1615928013836359, 我的情话很值钱 , 这个双十一，情话讲得好，就可能不用自己还花呗，更可能成功撩到周围的小哥哥小姐姐！ ,https://www.douyin.com/share/challenge/1615928013836359 ,45,7585
1609283005182020, 三心二亿撩到你 , 你的小心心是萌是可爱？是酷炫还是帅？一年订出2亿间的美团酒店有大奖，邀你参加比心挑战！,https://www.douyin.com/share/challenge/1609283005182020 ,45,7758
1549875572241410, transition , 利用暂停变换一切可以变的东西。你的脑洞在哪里。谁是transition king ,https://www.douyin.com/share/challenge/1549875572241410 ,45,3129359
1615023372429326, 舞动广场之巅 , 谁说广场舞只属于大妈？广场舞也可以很潮流！现在苏宁就让你知道，这片广场舞都被抖音热舞承包了！11.01-11.03，使用广场舞热曲《Popsicle》和指定贴纸，跳出 “一举成名”动作元素的舞蹈，上传视频晒出你的广场舞态度。不论你是个性十足的00后，还是爱好怀旧的60后，只要你敢参与，这片广场就是你用舞蹈C位出道的地方！11.15开奖，点赞第一的用户，送出价值10000元的贵宾卡，第 2-10各送出1000元的贵宾卡（获奖用户须使用指定音乐及贴纸）。苏宁全民嘉年华，上网上街上苏宁！,https://www.douyin.com/share/challenge/1615023372429326 ,45,14526
1597522825892871, 第五人格公主抱 , 4月19日本次挑战热度前100名玩家，赠送第五人格“杰克公主抱”动作。本活动解释权归抖音所有，与Apple Inc.无关,https://www.douyin.com/share/challenge/1597522825892871 ,43,88924
1563028896350273, 法国斗牛犬 , 简单描述一下你的挑战,https://www.douyin.com/share/challenge/1563028896350273 ,42,3423
1584126611450894, exo , 喜欢exo的可以参与哦  本命灿烈伯贤.,https://www.douyin.com/share/challenge/1584126611450894 ,42,147628
1549617772481537, 薛之谦 , 薛之谦的歌~,https://www.douyin.com/share/challenge/1549617772481537 ,42,66936
1603230412508167, 嘿，一起去旅行吧！ , 期待已久的端午小长假终于来了！你要去哪里度过自己的假期呢？是去品尝夜的巴黎，拥抱热情的岛屿，还是去浪漫的土耳其呢？,https://www.douyin.com/share/challenge/1603230412508167 ,41,8813
1615927977636935, 秀一波我的神操作 , 乐高当万能胶？UGG秒变夜店神器？酸奶手绘《蒙娜丽莎》……,https://www.douyin.com/share/challenge/1615927977636935 ,40,8144
1557656100811777, 抖音小助手 , 简单描述一下你的挑战,https://www.douyin.com/share/challenge/1557656100811777 ,40,1629
1608407224398852, 送你999颗小心心 , 爱我就比心给我看！小手一动，就会有好多小心心从你的指尖流出，快去更新抖音至最新版本，选择【比心】道具——“给你，我爱的小心心呀！”,https://www.douyin.com/share/challenge/1608407224398852 ,40,596
1615908719305736, 抖音特效师星计划 , 特效师星计划来袭，新奇好玩道具更新不停，就等你来拍！参加挑战赛#抖音特效师星计划，点击拍摄-道具-原创分类，选择自己喜欢的道具，进行视频拍摄。12月13日，根据点赞排名及视频相关度，将有50名幸运儿可获得神秘奖品一份（本活动与Apple Inc.无关）,https://www.douyin.com/share/challenge/1615908719305736 ,40,433
1559841638160386, 宠物 , 简单描述一下你的挑战,https://www.douyin.com/share/challenge/1559841638160386 ,39,12477
1614647300511748, 万圣节魔法之夜 , 万圣之夜的魔法力量下，你是不是也有突然闯入童话传说的躁动？跟着这段乐曲来起舞和沉醉吧，释放你的终极魔法梦境。,https://www.douyin.com/share/challenge/1614647300511748 ,38,14992
1614658627809283, 轻轻控住你 , 控花，控雨都玩过，控羽你试过吗？,https://www.douyin.com/share/challenge/1614658627809283 ,37,2029
1614651262704653, 是时候改造一下了 , 新出的这个贴纸敲好玩！只要张大嘴，就能马上get“亚洲邪术”，各位大兄dei快来玩一发。,https://www.douyin.com/share/challenge/1614651262704653 ,37,382
1553508302124033, 画画 , 最简画画,https://www.douyin.com/share/challenge/1553508302124033 ,37,3803
1570377637394433, 英语 , 各种英语，泰式，中式，英式，美式快来啊,https://www.douyin.com/share/challenge/1570377637394433 ,36,32748
1612578520925191, 中国发展有你有我 , 10月1日国庆节，是全民共庆中华人民共和国成立69周年的日子。,https://www.douyin.com/share/challenge/1612578520925191 ,36,21255
1615018936129543, 洗去尘杂回到18 , 洗去浮躁，永葆初心；洗去束缚，明净自如。18岁在即，易烊千玺邀请你，跟着推荐BGM，猛戳好爸爸贴纸，模仿示范视频，一起#洗去尘杂回到18。按点赞数和视频相关度：前15名抽奖有机会获易烊千玺生日会门票（共5张）及千玺签名照+易烊千玺封面杂志（共10份）；第16-50名获好爸爸机洗亲肤洗衣露1瓶。活动于11.16开奖。11.9-10上天猫好爸爸官方旗舰店报#洗去尘杂回到18#认领专享券！本活动与Apple Inc.无关,https://www.douyin.com/share/challenge/1615018936129543 ,36,4493
1598638678854660, 王者荣耀王者荣耀王者荣耀王者 , 王者荣耀上亿人都爱玩的游戏，赶快来跟我一起上传最精彩、最好玩的视频吧！,https://www.douyin.com/share/challenge/1598638678854660 ,35,17299
1548957900724225, 仓鼠 , 萌萌哒的小宠物(仓鼠)🐹,https://www.douyin.com/share/challenge/1548957900724225 ,35,20010
1606499294690308, 我变脸比翻书还快 , 变脸，川剧中的看家绝技。每次出场都伴随着现场的欢呼，以及丝丝的神秘气息。看着台上演员潇洒自如的切换脸谱，有没有幻想过自己也可以掌握这种酷酷的能力！,https://www.douyin.com/share/challenge/1606499294690308 ,34,975
1565354172049473, 长春 , 简单描述一下你的挑战,https://www.douyin.com/share/challenge/1565354172049473 ,34,1734
1606499294690308, 我变脸比翻书还快 , 变脸，川剧中的看家绝技。每次出场都伴随着现场的欢呼，以及丝丝的神秘气息。看着台上演员潇洒自如的切换脸谱，有没有幻想过自己也可以掌握这种酷酷的能力！,https://www.douyin.com/share/challenge/1606499294690308 ,34,975
1562483860441089, 文字 , 抖音的一股清流！,https://www.douyin.com/share/challenge/1562483860441089 ,34,173503
1608847783184397, 是时候公布恋情了 , 谁说只有情侣们才能高调秀恩爱发糖，那些母胎单身的baby们也是时候公布你和爱豆的“恋情”了！使用闪屏拍摄手法，并在其中加入一帧你“男/女朋友”的照片——“没错，这就是我男/女朋友，截到算我输！”,https://www.douyin.com/share/challenge/1608847783184397 ,34,1359
1560270663506945, 权志龙 , VIP应该都会用这个吧！,https://www.douyin.com/share/challenge/1560270663506945 ,34,59730
1597002737214468, ninepercent , 最终九人 王者出道,https://www.douyin.com/share/challenge/1597002737214468 ,34,140138
1610125362126851, 有芯才能撩男神 , 乐华七子NEXT在此，男神就该这么撩！参加#有芯才能撩男神#挑战赛，pick专属配音及贴纸，召唤你的心动男神！按点赞数和视频相关度：第1名获乐华七子NEXT X 卡姿兰线下品牌party门票1张，第2-10名获小红唇7支唇膏音乐盒1套，第11-50名获小红唇唇膏1支，9月30日开奖。,https://www.douyin.com/share/challenge/1610125362126851 ,33,4510
1612749294052360, 优秀宝宝真会玩 , 坑爹坑妈，机智反转，奶音金句…现在的宝宝咋都那么优秀？优秀宝宝的这波操作简直666！,https://www.douyin.com/share/challenge/1612749294052360 ,32,25467
1608060139216904, 一键冷静做自己 , 夏天上车，想躲开热浪侵袭？那还不简单！提前5分钟，用安吉星智联APP，一键远程启动车内空调啊！,https://www.douyin.com/share/challenge/1608060139216904 ,31,2015
1608060139216904, 一键冷静做自己 , 夏天上车，想躲开热浪侵袭？那还不简单！提前5分钟，用安吉星智联APP，一键远程启动车内空调啊！,https://www.douyin.com/share/challenge/1608060139216904 ,31,2015
1616012579173389, 粉墨新声 , 避让避让！粉墨登场！,https://www.douyin.com/share/challenge/1616012579173389 ,30,412
1609385911489549, 一起来举爪 , “说过要对我好，还在外面乱吸猫！” 你在外面干的那些勾当，你家喵都知道！喵主子吃起醋来都不是好惹的! ,https://www.douyin.com/share/challenge/1609385911489549 ,29,1583
1607023875842062, 我一笑就是一张大头照 , 一拍抖音你就控制不住笑成开心果？今天不如来挑战“我不能笑”！高冷，傲娇，忧郁范儿随意摆拍，只要不咧嘴微笑你就可以完美躲开“看谁先笑”道具的识别~露出微笑就会被抓拍无限放大版的大头照哦~,https://www.douyin.com/share/challenge/1607023875842062 ,29,64634
1613837940313112, 当我被一首歌洗脑 , 一入电音深似海，从此走路特别拽。,https://www.douyin.com/share/challenge/1613837940313112 ,28,3964
1615099860318285, 看我大眼睛小红唇 , 我要卡姿兰大眼睛！更要卡姿兰小红唇！快来参加#看我大眼睛小红唇#挑战赛，只要挥挥手便能变换妆容风格，更能秀出你的大眼睛小红唇！按点赞数和视频相关度：前三名获iphone XS一台，第4-15名获乐华七子限量版7支装音乐礼盒+拾趣眼影盘，第16-50名获小红唇唇膏一支，11月11日开奖。前往卡姿兰天猫旗舰店，更有10万现金等你来瓜分，速速行动吧！本活动与Apple Inc.无关。,https://www.douyin.com/share/challenge/1615099860318285 ,27,5883
1570737659003905, 西安 , 我爱大西安,https://www.douyin.com/share/challenge/1570737659003905 ,27,15667
1615917132956695, 你打的哈欠像首歌 , 春困秋乏夏打盹？冬天也逃不过冬眠期的困扰呢！可是你打哈欠的样子好可爱哇，把你每天无数次打哈欠的声音记录下来，配上一首合适的音乐，可能就是一首歌呢～,https://www.douyin.com/share/challenge/1615917132956695 ,27,4470
1604239741363223, 这剧情，就缺一段抖音bgm😏 , 你有没有一种走到哪仿佛都有抖音神曲在耳边萦绕的感觉，甚至......在看电影或电视剧时也会不由自主地脑补一段抖音的bgm呢？当这些经典的影视剧片段遇上抖音bgm，会擦出怎样的火花？,https://www.douyin.com/share/challenge/1604239741363223 ,26,252
1609944819391495, 我才是实力自拍王 , 又是一年开学季来临，小哥哥小姐姐们，快来展现你的真正实力吧！,https://www.douyin.com/share/challenge/1609944819391495 ,26,1390
1565360758864898, 周杰伦演唱会 , 演唱会前夕,https://www.douyin.com/share/challenge/1565360758864898 ,26,6206
1583125341426702, 连音社 , 送给所以狗狗们！,https://www.douyin.com/share/challenge/1583125341426702 ,26,66856
1615289040723981, 比猫猫拿红包 , 11月7日-11月11日，带话题#比猫猫拿红包，并使用天猫官方同款贴纸+音乐上传视频，按视频点赞数量（数量相同则按视频提交先后 ）排名。设一等奖1名，获iPhoneXS 1台；二等奖10名，获200元天猫超市卡1张；三等奖20名，获100元天猫超市卡1张，排名截止11月12日0时。11月24日通过抖音站内信公布中奖名单及兑奖方式并通知中奖者，请及时提交兑奖所需信息。如用户有违规（如机器作弊等），将被取消中奖资格。主办方可根据实际调整规则，在活动页面公布后依法生效。,https://www.douyin.com/share/challenge/1615289040723981 ,26,13552
1598870801941508, 你笑起来真好看 , 有人说，爱笑的女生，运气都不会太差。,https://www.douyin.com/share/challenge/1598870801941508 ,25,84235
1615627564077064, 你是膜鬼吗 , 爱美的熬夜小恶魔看过来！伴着好听的音乐，使用云南白药采之汲天然专属贴纸，参加抖音挑战赛#你是膜鬼吗#。Show出你的可爱脸蛋，集赞做锦鲤！根据关联度及点赞数,https://www.douyin.com/share/challenge/1615627564077064 ,25,29931
1615022852692996, 我是你的理想型 , 帅气变型就有机会赢iPhone Xs Max！作为最酷帅有型的你，还在等什么？即刻参加京晚8点联合沙宣发起的“我是你的理想型”挑战赛，使用专属贴纸，拍出你的型格变身，惊喜大奖等你拿！,https://www.douyin.com/share/challenge/1615022852692996 ,25,3759
1600147528099843, 你真是每个动作都是戏😏 , 在抖音，表演影视剧台词不只有简单的对口型，还可以调动全身的形体动作去传递台词的含义。如果用手语动作拍手势舞对你来说已经十分得心应手了，不如来试试用丰富有趣而又形象的肢体语言，手语动作来表演经典影视剧的台词吧。不得不说，拥有如此别具一格的台词诠释方式，简直就是“不说话的表演大师”，你的每个动作都是戏~,https://www.douyin.com/share/challenge/1600147528099843 ,25,203384
1605388735620244, 我拍照永远一个表情 , 你有没有发现自己或是身边的某些朋友拍照总是保持一个表情呢？你拍照时脸上总是挂着怎样的表情呢？是尴尬而又不失礼貌的微笑，卖个萌嘟个嘴，或者摆出一副高冷忧郁气质范？,https://www.douyin.com/share/challenge/1605388735620244 ,25,27526
1572629432160270, 郑州 , 郑州小逗比,https://www.douyin.com/share/challenge/1572629432160270 ,25,3295
1554036363744257, 美食 , 美食大赛,https://www.douyin.com/share/challenge/1554036363744257 ,25,9183
1564242028218370, 昆明 , 简单描述一下你的挑战,https://www.douyin.com/share/challenge/1564242028218370 ,25,9902
1560045571001346, 蹦迪 , 简单描述一下你的挑战,https://www.douyin.com/share/challenge/1560045571001346 ,24,3555
1607020305902599, 美照的幕后真相 , 想用相机给自己拍出纤纤细腿、如柳细腰，可却总被现实打败？别怕，甭管真人长什么样，总有你不知道的小技巧可以帮助你拍出“脱胎换骨”的惊艳之照！赶快来和大家分享美照幕后的真相，掌握这些小窍门，谁还不能拍出完美“照骗”呢~,https://www.douyin.com/share/challenge/1607020305902599 ,24,7271
1615382340750344, 你是标准脸吗 , 我们常说的“三庭五眼”是人的脸长与脸宽的一般标准比例，把头部上下分为三等分，把头的宽度分为五等分。眉心线、鼻翼、人中点、完美贴合就是标准脸哦，用这个贴纸来测测你离标准脸差多少距离～,https://www.douyin.com/share/challenge/1615382340750344 ,24,6575
1605136309201923, 和那些年的暑期档合个拍 , 暑假对于你来说是怎样的回忆？不间断的蝉鸣声，吃不完的西瓜，或者记忆中循环播放的经典暑期档。你还记得那些年霸屏暑期档的影视剧吗？还记得那些经典的台词，角色和剧情吗？,https://www.douyin.com/share/challenge/1605136309201923 ,24,1148
1612739793282052, 简直不要太惊喜 , Simply Amazing！笑迎盛惠 看见惊喜,https://www.douyin.com/share/challenge/1612739793282052 ,23,429
1612865848721412, 对着这个天 , 人生就像是一趟列车，中途有人上来也会有人下去，我们唯一能做的就是珍惜当下。趁着我们还年轻，趁着我们还在一起，趁着今天天气不错，牵起你身边人的手，一起对着这个天，对着这个地，许下一个一定要幸福的愿望吧！,https://www.douyin.com/share/challenge/1612865848721412 ,23,6554
1613106577840142, 变一个啵啵给你 , 等下~变一个啵啵出来给你！听说好看的人都在这里？好看的你心动了么？快来“变一个啵啵给你”挑战一下吧！,https://www.douyin.com/share/challenge/1613106577840142 ,23,1283
1603876258892807, 跟着抖音逛正定 , 提起正定这座城市，你想到的是什么呢？是乒乓球世界冠军的摇篮国家乒乓球训练基地、87版《红楼梦》拍摄基地荣国府、赵子龙故里常山赵云庙、“京外第一古刹”隆兴寺，还有那著名的广慧寺、临济寺、开元寺等古建筑，或是当地正宗的烧麦、烧鸡等特色美食，还有美轮美奂的南门夜景...你去过正定吗？有什么让你印象深刻的美食、美景或人文风情？如果此时你正在正定或是即将去到这里，不妨用抖音记录那些属于你的“正定故事”，带大家一同感受这座千年古城的新魅力吧~,https://www.douyin.com/share/challenge/1603876258892807 ,23,2839
1562418214261762, 吉他 , 感觉自己疯了😂,https://www.douyin.com/share/challenge/1562418214261762 ,23,9862
1607127415329800, 看好我要变身 , 一起变,https://www.douyin.com/share/challenge/1607127415329800 ,22,5188
1575606429521933, 段宜恩 , got 7门面担当段宜恩mark,https://www.douyin.com/share/challenge/1575606429521933 ,22,10229
1572712610671629, 青海 , 青海美景,https://www.douyin.com/share/challenge/1572712610671629 ,22,16786
1575499478196238, 丧 , 假装很酷,https://www.douyin.com/share/challenge/1575499478196238 ,22,7095
1605867430787085, 求你别用慢动作了 , 慢动作记录了每一帧细腻的画面，定格了肉眼所捕捉不到的细节之美，可谁说慢动作一定很酷呢？也许很多尴尬，狰狞的瞬间，在慢镜头下也更加清晰可见，一览无余~你身边的人有没有不那么美或酷的一刻被慢镜头记录下来呢～趁他不注意赶紧分享出来吧～,https://www.douyin.com/share/challenge/1605867430787085 ,22,17664
1615010510175309, 这才是压轴走位 , 听说最近有很多人凭借着非凡的走位以及妖娆的身姿c位出道了？即使不站c位，照样能hold住全场！“这才是压轴走位”叫上你的戏精小伙伴一起来PK吧~,https://www.douyin.com/share/challenge/1615010510175309 ,22,913
1586063218660365, 偶像练习生 , .........,https://www.douyin.com/share/challenge/1586063218660365 ,22,122878
1599870072931331, 谁也挡不住你的微笑 , 你可能没有发现，你的回眸一笑百媚生，惊艳了那些平静无澜的日常；你蓦然回首地嫣然一笑，吹散了许多人心上的阴霾。就是这样平凡而又珍贵的笑容，传递温暖给予力量，拉近距离消除隔阂，温柔了每个人的世界。,https://www.douyin.com/share/challenge/1599870072931331 ,22,251747
1590933706469389, 绝地求生刺激战场 , 秀出你的操作,https://www.douyin.com/share/challenge/1590933706469389 ,21,6596
1601431026202696, 咱俩真“合拍”！ , 期待已久的分屏功能终于上线啦！在抖音就可以直接隔着屏幕来互动——用你的动作、语言隔空控制别人的表情或是身体动作，当然你也可以和屏幕里的另一个自己互动哦~,https://www.douyin.com/share/challenge/1601431026202696 ,21,180290
1614029684691976, 全城开秀 , 每个人都是潮流制造者，天猫双11全球潮流盛典邀你全城开秀。10/19-10/21日期间，在你的城市选择最能代表东方国潮、时髦潮范、元气乐活、艺术美力4种时尚风格的地标精彩走秀，搭配易烊千玺的全新双11主题曲，演绎你的潮流态度。,https://www.douyin.com/share/challenge/1614029684691976 ,21,1049
1615642581086215, 有棱角才好看 , 别丢掉你的生而有趣，玩出自己别样姿态；,https://www.douyin.com/share/challenge/1615642581086215 ,21,955
1552496822290434, 闺蜜 , 有闺蜜的晒晒！,https://www.douyin.com/share/challenge/1552496822290434 ,21,472
1612851128743944, 我们一起抖到底 , 生活琐碎烦恼太多，我们一起抖掉！,https://www.douyin.com/share/challenge/1612851128743944 ,21,23729
1604981444297735, 长春长春长春 , 在这我能感觉到你的存在，在这有我太多眷恋的东西，长春长春，我在这里欢笑我在这里哭泣，我在这活着也要在这里老去…,https://www.douyin.com/share/challenge/1604981444297735 ,21,5592
1611224095288334, 动起来才痛快 , 你的脖子能写字吗？够灵活，才配叫“写字脖”！,https://www.douyin.com/share/challenge/1611224095288334 ,21,12940
1612674164817944, 1019抖音美好奇妙夜 , 抖音美好奇妙夜2018浙江卫视秋季盛典，李宇春、王力宏、汪峰、罗志祥、宋茜、蔡徐坤、邓紫棋、NEXT、朴树、李荣浩、潘玮柏等大牌云集，10月19日，晚八点，浙江卫视，不见不散！,https://www.douyin.com/share/challenge/1612674164817944 ,21,1841
1582021699628045, 张国荣 , 怀念哥哥  怀念张国荣,https://www.douyin.com/share/challenge/1582021699628045 ,21,27368
1575419747441677, 南宁 , 南宁求偶遇,https://www.douyin.com/share/challenge/1575419747441677 ,21,3850
1612023168431117, 水果轰炸机 , 继【尬舞机】之后，抖音重磅推出【水果轰炸机】小游戏，张嘴吃水果，看你能吃到多少分，小提示：吃到不同道具会有不同“奖励”呦~,https://www.douyin.com/share/challenge/1612023168431117 ,20,17736
1609120168226824, 新生元气大作战 , 新生如何元气满满地面对未来的校园生活！录制视频演绎校园趣事、糗事、必备姿势！可以使用#新生元气剧场#专属贴纸进行拍摄，获赞数Top 50每人获赠1箱汤达人，获赞数Top 1未来10年的泡面由我们承包了！（每月定期向您寄送一箱产品）,https://www.douyin.com/share/challenge/1609120168226824 ,20,991
1558589039423489, 正能量 , 传播正能量啊！,https://www.douyin.com/share/challenge/1558589039423489 ,20,395674
1612186656350212, 这就是我的logo , 先锋做派，这就是我的logo。That’s my type，风格随时开秀！快加入vivo#这就是我的logo#手势舞挑战，与Ice、刘柏辛一起化身时尚先锋，玩转vivo LOGO PHONE！,https://www.douyin.com/share/challenge/1612186656350212 ,20,307
1604051461655555, 跟我打卡最红地标 , 你知道全北京最适合街拍的地方在哪里吗？,https://www.douyin.com/share/challenge/1604051461655555 ,20,881
1615624851606596, 召唤戏精代言人 , 京东京晚8点年度巨献“11.11戏精广告王”系列挑战赛上线啦！即日起，唤醒你的戏精人格参加京晚8点与联合利华发起的#召唤戏精代言人#挑战赛，创意演绎大牌广告，使用戏精专属贴纸，即有机会赢最新款戴森吹风机！,https://www.douyin.com/share/challenge/1615624851606596 ,20,49593
1615361086260227, 谁还不是个宝宝 , 今年11.11马上来袭，准备好跟我们一起嗨翻天了嘛~谁还不是个宝宝呢？本宝宝也要加入这支队伍，让我们跟随音乐节奏跳起来！,https://www.douyin.com/share/challenge/1615361086260227 ,19,3701
1612840125822979, 爱豆你好我在这 , 期待已久的十一黄金周终于来了！你要去哪里度过自己的假期呢？是去大山深处探险还是去海洋深处遨游？那么，你最想和谁一起分享旅行的心情呢？快来喊话爱豆，一起分享你旅途中的奇妙故事吧~,https://www.douyin.com/share/challenge/1612840125822979 ,19,5506
1610305623628814, 开学季采访一下 , 滴！学生卡！新生还有五秒到达学校！请新华社、光明日报、人民网和北京日报、澎湃新闻、封面新闻、广西新闻网、东北网、大河报、成都商报、钱江晚报、亚心网、津云、南方plus客户端、扬子晚报、长春晚报、齐鲁壹点、海峡网做好加入“开学季采访一下”话题准备，带领我们一起走入开学季，采访一下吧！,https://www.douyin.com/share/challenge/1610305623628814 ,19,50646
1575344689274893, 青岛 , 海边,https://www.douyin.com/share/challenge/1575344689274893 ,19,29170
1569543287123969, 猜车 , 我来发车你来猜,https://www.douyin.com/share/challenge/1569543287123969 ,19,122740
1580692995407885, 凹凸世界 , 吃所有cp！！！☆彡,https://www.douyin.com/share/challenge/1580692995407885 ,19,14233
1581413069105166, 小说 , 那些年看过的最感人的小说，最感人的话,https://www.douyin.com/share/challenge/1581413069105166 ,19,2963
1591121380805635, 尤长靖 , 偶像练习生的唱歌最好听的尤长靖,https://www.douyin.com/share/challenge/1591121380805635 ,19,6230
1600091285823492, 兵哥哥 , 我的兵哥哥,https://www.douyin.com/share/challenge/1600091285823492 ,19,3691
1614755561730056, 东西初恋舞 , 向左走向右走，转个圈圈头顶比个心，欢快的旋律搭配上甜美的比心小动作，看起来有没有如初恋一般的感觉？你有没有被撩到？谁跳谁是小可爱，简单又甜美的初恋舞，快去试试看~,https://www.douyin.com/share/challenge/1614755561730056 ,19,1786
1556922701042689, cosplay , 听说cos和音乐更配哦,https://www.douyin.com/share/challenge/1556922701042689 ,19,174235
1571543705522178, 送你一张动态壁纸！ , 小伙伴们，抖音的动态壁纸功能你体验过了吗？看到喜欢的视频想要设为自己的动态壁纸，点击视频的分享按钮选择【动态壁纸】就可以一键下载哦。那么，作为壁纸“收藏家”的你，也有一些令人赏心悦目的动态壁纸想要分享给大家吗？不论是拍摄生活中小清新的风景，二次元里的动漫人物，或是富有创意的唯美特效等等，都可能成为壁纸的不二之选哦~来，一起晒出你的动态壁纸吧～,https://www.douyin.com/share/challenge/1571543705522178 ,18,3339
1562202645684225, 地下城与勇士 , 瞎玩,https://www.douyin.com/share/challenge/1562202645684225 ,18,20048
1614450820516877, 官宣体 , 赵丽颖、冯绍峰扯证官宣啦～ ,https://www.douyin.com/share/challenge/1614450820516877 ,18,4340
1607949987614733, 散步舞 , 看起来漫不经心，随性而走的散步竟也可以如此酷感十足？没错，就是这支散步舞，配合“kiki do you love me”的音乐跳起来，这个夏天，你也可以C位出街~,https://www.douyin.com/share/challenge/1607949987614733 ,18,662
1600434446422020, 走，带你去“转转” , 长大后，也许你会发现我们和家人是那样一场渐行渐远的旅程……因此，每一个和家人相聚相伴的日子，都是那样弥足珍贵。5.15国际家庭日，如果你在家人身边，记得好好把握这样的家庭团聚时刻。不妨以家人为中心，带着亲爱的爸妈，爷爷奶奶或是弟弟妹妹用这个特别的循环旋转运镜方式拍个转场视频。和家人一起出去“转转转”，用抖音记录这样简单而又轻松的幸福一刻吧~,https://www.douyin.com/share/challenge/1600434446422020 ,18,1607
1610479990025230, 耐撕 , 生活压力这么大，当然要做一个耐撕的人！撕开无聊，秀脑洞！ Have a 耐撕 day！,https://www.douyin.com/share/challenge/1610479990025230 ,18,292
1611314018290756, 奇境栾川抖起来 , 河南藏了一座网红气质爆棚的魅力山城—栾川。在这里，你可以登上世界地质公园老君山游峰林仙境、观金顶云海，去鸡冠洞探秘8亿年高龄的溶洞，去重渡沟体验“北国江南”的竹海水韵……这里的山水美中生奇，被称为“奇境栾川”。,https://www.douyin.com/share/challenge/1611314018290756 ,18,884
1611573233878029, 你有一通明星来电 , 喂，你有一通抖音晚会的明星视频邀约来电，快使用【抢镜】功能接通吧~,https://www.douyin.com/share/challenge/1611573233878029 ,18,9910
1616547012640836, 双十一自救宝典 , 双十一将至，面对众多的购物APP、繁琐的满减活动，你是不是觉得自己急需一堂数学课，或是万元奖金？不，你不需要！你需要的是一个帮你安然度过双十一的省钱自救教程！双十一省钱大法，大家都在这里分享，你也快来看看吧！,https://www.douyin.com/share/challenge/1616547012640836 ,18,967
1561584511636481, 武汉 , 简单描述一下你的挑战,https://www.douyin.com/share/challenge/1561584511636481 ,17,506643
1611192272194573, ni才是红人 , 红人请留步，没错就是ni,https://www.douyin.com/share/challenge/1611192272194573 ,17,31300
1556676689187842, 生日快乐 , 祝自己生日快乐哦！,https://www.douyin.com/share/challenge/1556676689187842 ,17,10939
1613363514570760, 一本正经游客照 , 假期出去游玩，拍照是必不可少的环节。可是你身边有没有一种人，一拍照就比万年不变的剪刀手！但其实每一张照片背后，都是一份弥足珍贵的旅途记忆！所以快来拍张“一本正经游客照”，摆出你的招牌动作，记录旅途中每一个精彩瞬间吧~,https://www.douyin.com/share/challenge/1613363514570760 ,17,5360
1589842574645251, 直播中国 , 见过晴空万里的茶卡盐湖、看过京剧摇滚皮影戏、尝过烤鸭火锅炸薯条、坐过时速300公里的“动感号”……生活中总有无数迷人的风景，我们邀请善于发现美的你，一起分享美好生活的一百万个可能。央视网《直播中国》“C位”出道，联合抖音发起#直播中国 话题，致敬改革开放40年，打卡美好生活！精彩投稿视频还有机会空降节目哦~,https://www.douyin.com/share/challenge/1589842574645251 ,17,624
1606408489442375, 偷吃糖的萝莉 , 你小时候有木有偷吃东西被发现的时候呢？比如偷吃糖果时被爸爸妈妈发现的时候是什么模样呢？是天真可爱的无辜 ，还是撒娇卖萌的调皮？今天你吃糖了没，不如带着孩童的心情一秒变身“偷吃糖的佳妮”，回到童年时光吧~ps.使用道具中，搞笑类别的大眼娃娃贴纸拍摄效果更佳哦~,https://www.douyin.com/share/challenge/1606408489442375 ,17,814
1598988063388679, 这才是最佳拍照角度😏 , 你知道吗？换个角度拍照，会有很多意想不到的神奇视觉体验。比如躺在地上，当视角旋转90度，竟也可以拍出攀墙，悬空的效果，仿佛地心引力正发生着转移。如果你正趁着假期出门旅行拍照，不如搭配那些城市风景，寻找最佳拍照角度，一起来拍个惊艳的创意大片吧~,https://www.douyin.com/share/challenge/1598988063388679 ,17,16775
1565348497132546, 幼师 , 你们忙什么最近,https://www.douyin.com/share/challenge/1565348497132546 ,17,68021
1612653817335822, 携程fun肆之旅 , 拍十一最美风景，赢iPhone Xs Max！使用同款音乐和贴纸，添加话题#携程fun肆之旅#，@携程旅行 并添加景点、酒店定位，即可参与幸运抽奖！进入携程旅行App，搜索“嗨游旅行季“，还可领千元红包等更多精彩好礼。,https://www.douyin.com/share/challenge/1612653817335822 ,16,276
1562852280441858, 一生所爱 , 有多少人，喜欢【大话西游】一句经典对白，一个故事一段情！,https://www.douyin.com/share/challenge/1562852280441858 ,16,284241
1608314294481933, 818说出你的愿望吧 , 一个人能够为喜欢的事物发烧到什么程度?说出你的发烧愿望，就有可能实现。,https://www.douyin.com/share/challenge/1608314294481933 ,16,1030
1612037393019012, 我才是抢镜歌手 , 不会乐器又不想清唱？那就快来选择抖音里你喜欢的伴奏视频，点击【分享】选择【抢镜】功能，合唱起来吧！ps：戴耳机录制效果更佳哦~,https://www.douyin.com/share/challenge/1612037393019012 ,16,814
1570183208165393, 文字控 , 文字控而已😊,https://www.douyin.com/share/challenge/1570183208165393 ,16,33778
1583830739247118, 江西南昌 , 江西老乡玩起来，南昌宁赞起来！谢谢,https://www.douyin.com/share/challenge/1583830739247118 ,16,1792
1581563544738909, 孙艺洲 , 孙艺洲,https://www.douyin.com/share/challenge/1581563544738909 ,16,63708
1601068167297038, 这首歌你还能拍出花样？！ , 一首歌究竟能拍出多少种视频——用《小半》这首歌玩惯了切换风景的技术流，你有没有发现新的打开方式呢？,https://www.douyin.com/share/challenge/1601068167297038 ,16,11551
1565910651251713, 我的世界 , 你的,https://www.douyin.com/share/challenge/1565910651251713 ,16,7502
1603306822020164, 键帽 , 键帽七天换,https://www.douyin.com/share/challenge/1603306822020164 ,16,107696
1574860561852429, 抖音抖音抖音 , 呵呵,https://www.douyin.com/share/challenge/1574860561852429 ,15,11
1561456175697921, 减肥 , 简单描述一下你的挑战,https://www.douyin.com/share/challenge/1561456175697921 ,15,189078
1568927144502274, 广州 , 广州抖音集合区,https://www.douyin.com/share/challenge/1568927144502274 ,15,23021
1574977363845133, 吸猫 , 各种猫猫每日一吸,https://www.douyin.com/share/challenge/1574977363845133 ,15,303
1567785493455873, 长沙 , 简单描述一下你的挑战,https://www.douyin.com/share/challenge/1567785493455873 ,15,33862
1613022799428685, 与爱驰行爱你80秒 , 1.用自己的方式，录制视频表达“心中的爱”，对象不限，一切美好都能成为你的所爱,https://www.douyin.com/share/challenge/1613022799428685 ,15,9128
1605687428308995, 镜框里的表情包 , 你有没有发现，摘下眼镜后放在面前，隔着眼镜片，可以看见一个脸部缩小变形的自己呢？原来，眼镜还能这么玩？！镜框里也可以有百变表情包~,https://www.douyin.com/share/challenge/1605687428308995 ,15,6879
1593811418128392, 奥斯卡欠你一座小金人😏 , 一年一度的奥斯卡金像奖又要开始颁奖了，亲爱的豆芽们，此时不拼一下演技，更待何时？,https://www.douyin.com/share/challenge/1593811418128392 ,15,142175
1587716170463246, 萌宠巨贵 , 晒晒你们自家的萌宝宝吧！,https://www.douyin.com/share/challenge/1587716170463246 ,15,2245
1569782244524033, 婚纱照 , 祝天下有情人终成眷属…,https://www.douyin.com/share/challenge/1569782244524033 ,15,2540
1610949069219844, 我给老师比个心 , 三尺讲台几十载，笑谈天下遍桃李，一只粉笔两三寸，喜掬丹心写春秋。老师的爱，细水长流，老师的教导，影响一生。,https://www.douyin.com/share/challenge/1610949069219844 ,15,397
1590089552999427, 表白蔡徐坤 , 偶像练习生 pick 坤坤小哥哥！,https://www.douyin.com/share/challenge/1590089552999427 ,15,21593
1599357431913479, 儿童bmx , 儿童bmx刷车视频集合！小车友们快来炫技哦！,https://www.douyin.com/share/challenge/1599357431913479 ,14,6439
1554695234257921, 萌宝 , 萌萌哒,https://www.douyin.com/share/challenge/1554695234257921 ,14,245
1613038166622279, 我的创业梦想 , 你是否脑洞清奇总有无数创新小想法？或者想要在互联网浪潮中大展身手？为了给“梦想家”一个展示的舞台，激发创新创业热情，教育部政务新媒体联合抖音共同发起#我的创业梦想 话题，以第四届中国“互联网+”大学生创新创业大赛为契机，促进大众创新万众创业，你还在等什么？快来为你的创业梦想代言吧~,https://www.douyin.com/share/challenge/1613038166622279 ,14,8784
1606842418528264, 你就美去吧 , 在生活主场人人都能成主角！甩开压力，进取心满分去Get越级生活。,https://www.douyin.com/share/challenge/1606842418528264 ,14,1939
1604512779264004, 看好，我要摘眼镜了！ , 听说大家最近都在使用音乐《that girl》拍摄自己摘下眼镜后的一面？从文质彬彬的书生气男孩变为酷感十足的霸气型男？从乖乖女孩变为高贵冷艳的御姐范？也或是从严肃斯文变为小清新邻家模样？,https://www.douyin.com/share/challenge/1604512779264004 ,14,713
1611820334381086, 宋城打卡 , “一入抖音深似海”,https://www.douyin.com/share/challenge/1611820334381086 ,14,3392
1592736773694478, 林彦俊 , 偶像练习生林彦俊小哥哥，颜值担当，冷笑话王😍么么哒！,https://www.douyin.com/share/challenge/1592736773694478 ,14,3277
1598794387148803, 慢下来看世界 , 一年有三百六十五个日子，五十二万五千多分钟，一生有三十四亿五千六百七十八万九千下脉搏。一天又一天，看日升日落，看月圆月缺，你记住了什么？你错过了什么？,https://www.douyin.com/share/challenge/1598794387148803 ,14,267
1590647193492484, 遮天 , 遮天小说迷们  还记得小囡囡吗？你们最喜欢那个人 不为成仙，只为在那红尘中等你回来还是仙路尽头谁为峰，一见无始道成空,https://www.douyin.com/share/challenge/1590647193492484 ,14,34796
1560034530455553, 成都 , 用成都这首歌拍,https://www.douyin.com/share/challenge/1560034530455553 ,14,62468
1590835515360334, 黄明昊 , 安利可盐可甜努力的小哥哥,https://www.douyin.com/share/challenge/1590835515360334 ,14,48786
1608861769828365, 上什么也不上火 , 生活中总有些不顺心的事会让人莫名上火，怎么破？,https://www.douyin.com/share/challenge/1608861769828365 ,14,219
1551520345358338, 瑜伽 , 简单描述一下你的挑战,https://www.douyin.com/share/challenge/1551520345358338 ,14,3825
1601704060055566, 别眨眼，我要“变身”了 , 小时候，是不是特别羡慕那些动画片里有“特别身份”的人物？水兵月变身之后不再是普通高中生而是守护和平的美少女战士，数码宝贝们配上标配BGM可以进化成高级版数码宝贝，是不是做梦都想“变身”成更好的自己吗？,https://www.douyin.com/share/challenge/1601704060055566 ,14,155081
1598883375372291, 旅行就要“逛吃逛吃” , 生活不止眼前的苟且，还有“吃”和远方。,https://www.douyin.com/share/challenge/1598883375372291 ,14,54905
1604485922581518, 别截图我的大脸表情包！ , 是谁在推近镜头截图我的大脸表情包？呆萌可爱的，傲娇高冷的，眉飞色舞的，全都逃不出抖音放大镜的聚焦。,https://www.douyin.com/share/challenge/1604485922581518 ,14,7758
1591892699106375, 小鬼王琳凯 , 小鬼最帅,https://www.douyin.com/share/challenge/1591892699106375 ,14,9687
1614731367329870, 抖音万物节甄选穿搭专区 , 入冬必备，臻选好物。双十一剁手准备好了吗？,https://www.douyin.com/share/challenge/1614731367329870 ,14,10002
1553513807372289, 搞笑 , 哈哈哈哈哈哈哈哈哈哈哈哈哈,https://www.douyin.com/share/challenge/1553513807372289 ,14,7882
1561830226453506, 篮球 , 简单描述一下你的挑战,https://www.douyin.com/share/challenge/1561830226453506 ,14,2895
1595537863078920, 生活，就要精致一点😏 , 来一小撮滑而劲道的挂面，抹上一道色泽恰好，弧度完美的辣椒油，摆上小辣椒，最后用香菜点缀一番，一盘颇具艺术感的“米其林摆盘”便出炉了~,https://www.douyin.com/share/challenge/1595537863078920 ,13,31896
1563739672897537, 双节棍 , 谁叫你天生长的不美丽,https://www.douyin.com/share/challenge/1563739672897537 ,13,2148
1558926116325378, 健身 , 自律,https://www.douyin.com/share/challenge/1558926116325378 ,13,3495
1610666302829571, 这是测试赛所所所解决 , 人从众𠈌,https://www.douyin.com/share/challenge/1610666302829571 ,13,125
1612187699571790, 抖出潮范 , 潮派智联SUV哈弗F5 9月潮流上市，相信你的酷炫潮流范早已无法掩饰！9月25日起，加入 #抖出潮范#派，跟随主题神曲《年轻有智气》的节奏，用指定手势跳出潮范舞蹈！别忘了分享给更多好友，收获点赞数！,https://www.douyin.com/share/challenge/1612187699571790 ,13,438
1611463011598349, 我的科学之yeah , 扔出去的水瓶为什么能平稳站立？被竹签穿过的气球为什么不会爆破？穿绳而过的戒指为什么不会掉落？其实，我们生活中有很多科学奥秘哦～                    ,https://www.douyin.com/share/challenge/1611463011598349 ,13,811
1572320275457037, duet , 各位duet大神们，用游戏里的录制视频展示一下你的高难度动作,https://www.douyin.com/share/challenge/1572320275457037 ,13,7033
1583127640371214, 盐城 , 盐城，一个让人打开心扉的地方,https://www.douyin.com/share/challenge/1583127640371214 ,13,97164
1565590472037378, 西宁 , 简单描述一下你的挑战,https://www.douyin.com/share/challenge/1565590472037378 ,13,8678
1555593112411137, 宝宝 , 简单描述一下你的挑战,https://www.douyin.com/share/challenge/1555593112411137 ,13,260
